{"cameraMode":{"drawMode":0,"name":"Shaded","section":"Shading Mode"},"sceneLighting":false,"audioPlay":false,"sceneViewState":{"showFog":true,"showMaterialUpdate":false,"showSkybox":false,"showFlares":true,"showImageEffects":true,"showParticleSystems":true},"in2DMode":false,"pivot":{"x":0.0,"y":0.5482749938964844,"z":-2.384185791015625e-7},"rotation":{"x":-0.20668506622314454,"y":-0.17878086864948274,"z":0.03844497352838516,"w":-0.9611663222312927},"size":18.405160903930665,"orthographic":false}