{"cameraMode":{"drawMode":0,"name":"Shaded","section":"Shading Mode"},"sceneLighting":false,"audioPlay":false,"sceneViewState":{"showFog":true,"showMaterialUpdate":false,"showSkybox":false,"showFlares":true,"showImageEffects":true,"showParticleSystems":true},"in2DMode":false,"pivot":{"x":32.5527458190918,"y":32.18695831298828,"z":3.0103001594543459},"rotation":{"x":-0.20668506622314454,"y":-0.17878086864948274,"z":0.03844497352838516,"w":-0.9611663222312927},"size":10.531169891357422,"orthographic":false}