{"cameraMode":{"drawMode":0,"name":"Shaded","section":"Shading Mode"},"sceneLighting":true,"audioPlay":false,"sceneViewState":{"showFog":true,"showMaterialUpdate":false,"showSkybox":false,"showFlares":true,"showImageEffects":true,"showParticleSystems":true},"in2DMode":false,"pivot":{"x":196.89895629882813,"y":-42.4193115234375,"z":154.45855712890626},"rotation":{"x":-0.006840625777840614,"y":0.8551511168479919,"z":-0.5182108283042908,"w":-0.011287568137049675},"size":258.78253173828127,"orthographic":false}